﻿<?xml version="1.0" encoding="UTF-8"?>
<MUPDefinition xsi:schemaLocation="http://schemas.dell.com/openmanage/cm/2/0/mupdefinition.xsd mupdefinition.xsd" xmlns="http://schemas.dell.com/openmanage/cm/2/0/mupdefinition.xsd" xmlns:xsi="http://www.w3.org/2001/XMLSchema-instance">
    <packageinformation>
        <installertype>installshield installscript</installertype>
        <packagegrouping>pair_driver_reduced</packagegrouping>
        <packagingtype>executable</packagingtype>
        <releasetype>DRVR</releasetype>
        <name>Realtek PC Camera</name>
        <version>10.0.14393.11242</version>
        <mupspecificationversion>2.4.3</mupspecificationversion>
        <supportedoperatingsystems>
            <osidentifier name="XP" architecture="x86" />
            <osidentifier name="XP" architecture="x64" />
            <osidentifier name="Vista" architecture="x86" />
            <osidentifier name="Vista" architecture="x64" />
            <osidentifier name="Windows7" architecture="x86" />
            <osidentifier name="Windows7" architecture="x64" />
            <osidentifier name="Windows8" architecture="x86" />
            <osidentifier name="Windows8" architecture="x64" />
            <osidentifier name="Windows8.1" architecture="x86" />
            <osidentifier name="Windows8.1" architecture="x64" />
            <osidentifier name="Windows10" architecture="x86" />
            <osidentifier name="Windows10" architecture="x64" />
        </supportedoperatingsystems>
        <content>
            <Device componentID="103850">
                <PnPInfo>
                    <ACPIID>0BDA</ACPIID>
                    <PnPProductID>5690</PnPProductID>
                </PnPInfo>
                <PnPInfo>
                    <ACPIID>0BDA</ACPIID>
                    <PnPProductID>5691</PnPProductID>
                </PnPInfo>
                <PnPInfo>
                    <ACPIID>0BDA</ACPIID>
                    <PnPProductID>5698</PnPProductID>
                </PnPInfo>
                <PnPInfo>
                    <ACPIID>0BDA</ACPIID>
                    <PnPProductID>5699</PnPProductID>
                </PnPInfo>
                <PnPInfo>
                    <ACPIID>0BDA</ACPIID>
                    <PnPProductID>569A</PnPProductID>
                </PnPInfo>
                <PnPInfo>
                    <ACPIID>0BDA</ACPIID>
                    <PnPProductID>569B</PnPProductID>
                </PnPInfo>
                <PnPInfo>
                    <ACPIID>0BDA</ACPIID>
                    <PnPProductID>569C</PnPProductID>
                </PnPInfo>
                <PnPInfo>
                    <ACPIID>0BDA</ACPIID>
                    <PnPProductID>569D</PnPProductID>
                </PnPInfo>
                <PnPInfo>
                    <ACPIID>0BDA</ACPIID>
                    <PnPProductID>569E</PnPProductID>
                </PnPInfo>
                <PnPInfo>
                    <ACPIID>0BDA</ACPIID>
                    <PnPProductID>569F</PnPProductID>
                </PnPInfo>
                <PnPInfo>
                    <ACPIID>0BDA</ACPIID>
                    <PnPProductID>575E</PnPProductID>
                </PnPInfo>
                <PnPInfo>
                    <ACPIID>0BDA</ACPIID>
                    <PnPProductID>5767</PnPProductID>
                </PnPInfo>
                <PnPInfo>
                    <ACPIID>0BDA</ACPIID>
                    <PnPProductID>576C</PnPProductID>
                </PnPInfo>
                <PnPInfo>
                    <ACPIID>0BDA</ACPIID>
                    <PnPProductID>576E</PnPProductID>
                </PnPInfo>
                <PnPInfo>
                    <ACPIID>0BDA</ACPIID>
                    <PnPProductID>58C2</PnPProductID>
                </PnPInfo>
                <PnPInfo>
                    <ACPIID>0BDA</ACPIID>
                    <PnPProductID>58C3</PnPProductID>
                </PnPInfo>
                <PnPInfo>
                    <ACPIID>0BDA</ACPIID>
                    <PnPProductID>58C4</PnPProductID>
                </PnPInfo>
                <PnPInfo>
                    <ACPIID>0BDA</ACPIID>
                    <PnPProductID>58C5</PnPProductID>
                </PnPInfo>
                <PnPInfo>
                    <ACPIID>0BDA</ACPIID>
                    <PnPProductID>58C6</PnPProductID>
                </PnPInfo>
                <PnPInfo>
                    <ACPIID>0BDA</ACPIID>
                    <PnPProductID>58C8</PnPProductID>
                </PnPInfo>
                <PnPInfo>
                    <ACPIID>0BDA</ACPIID>
                    <PnPProductID>58C9</PnPProductID>
                </PnPInfo>
                <PnPInfo>
                    <ACPIID>0BDA</ACPIID>
                    <PnPProductID>58CA</PnPProductID>
                </PnPInfo>
                <PnPInfo>
                    <ACPIID>0BDA</ACPIID>
                    <PnPProductID>58CB</PnPProductID>
                </PnPInfo>
                <PnPInfo>
                    <ACPIID>0BDA</ACPIID>
                    <PnPProductID>58CC</PnPProductID>
                </PnPInfo>
                <PnPInfo>
                    <ACPIID>0BDA</ACPIID>
                    <PnPProductID>58CD</PnPProductID>
                </PnPInfo>
                <PnPInfo>
                    <ACPIID>0BDA</ACPIID>
                    <PnPProductID>58CE</PnPProductID>
                </PnPInfo>
                <PnPInfo>
                    <ACPIID>0BDA</ACPIID>
                    <PnPProductID>58CF</PnPProductID>
                </PnPInfo>
                <PnPInfo>
                    <ACPIID>0BDA</ACPIID>
                    <PnPProductID>58F0</PnPProductID>
                </PnPInfo>
                <PnPInfo>
                    <ACPIID>0BDA</ACPIID>
                    <PnPProductID>58F1</PnPProductID>
                </PnPInfo>
                <PnPInfo>
                    <ACPIID>0BDA</ACPIID>
                    <PnPProductID>58F2</PnPProductID>
                </PnPInfo>
                <PnPInfo>
                    <ACPIID>0BDA</ACPIID>
                    <PnPProductID>58C7</PnPProductID>
                </PnPInfo>
                <PnPInfo>
                    <ACPIID>0BDA</ACPIID>
                    <PnPProductID>58C8</PnPProductID>
                </PnPInfo>
                <PnPInfo>
                    <ACPIID>0BDA</ACPIID>
                    <PnPProductID>58F3</PnPProductID>
                </PnPInfo>
                <PnPInfo>
                    <ACPIID>0BDA</ACPIID>
                    <PnPProductID>58F4</PnPProductID>
                </PnPInfo>
                <PnPInfo>
                    <ACPIID>0BDA</ACPIID>
                    <PnPProductID>58F5</PnPProductID>
                </PnPInfo>
                <PnPInfo>
                    <ACPIID>0BDA</ACPIID>
                    <PnPProductID>58F6</PnPProductID>
                </PnPInfo>
                <PnPInfo>
                    <ACPIID>0BDA</ACPIID>
                    <PnPProductID>58F7</PnPProductID>
                </PnPInfo>
                <PnPInfo>
                    <ACPIID>0BDA</ACPIID>
                    <PnPProductID>58F8</PnPProductID>
                </PnPInfo>
                <PnPInfo>
                    <ACPIID>0BDA</ACPIID>
                    <PnPProductID>58F9</PnPProductID>
                </PnPInfo>
                <PnPInfo>
                    <ACPIID>0BDA</ACPIID>
                    <PnPProductID>58FA</PnPProductID>
                </PnPInfo>
                <PnPInfo>
                    <ACPIID>0BDA</ACPIID>
                    <PnPProductID>58FB</PnPProductID>
                </PnPInfo>
                <PnPInfo>
                    <ACPIID>0BDA</ACPIID>
                    <PnPProductID>58FC</PnPProductID>
                </PnPInfo>
                <PnPInfo>
                    <ACPIID>0BDA</ACPIID>
                    <PnPProductID>5690</PnPProductID>
                </PnPInfo>
                <PnPInfo>
                    <ACPIID>0BDA</ACPIID>
                    <PnPProductID>5691</PnPProductID>
                </PnPInfo>
                <PnPInfo>
                    <ACPIID>0BDA</ACPIID>
                    <PnPProductID>5692</PnPProductID>
                </PnPInfo>
                <PnPInfo>
                    <ACPIID>0BDA</ACPIID>
                    <PnPProductID>5693</PnPProductID>
                </PnPInfo>
                <PnPInfo>
                    <ACPIID>0BDA</ACPIID>
                    <PnPProductID>5694</PnPProductID>
                </PnPInfo>
                <PnPInfo>
                    <ACPIID>0BDA</ACPIID>
                    <PnPProductID>5695</PnPProductID>
                </PnPInfo>
                <PnPInfo>
                    <ACPIID>0BDA</ACPIID>
                    <PnPProductID>5696</PnPProductID>
                </PnPInfo>
                <PnPInfo>
                    <ACPIID>0BDA</ACPIID>
                    <PnPProductID>5697</PnPProductID>
                </PnPInfo>
                <PnPInfo>
                    <ACPIID>0BDA</ACPIID>
                    <PnPProductID>5652</PnPProductID>
                </PnPInfo>
	        <Image type="DRVR" version="10.0.14393.11242">
                    <file>RtsUvc.sys</file>
                    <file>RtDell.inf</file>
                    <file>RtsUvc32.cat</file>
                    <file>RtsUvc64.cat</file>
                </Image>
            </Device>   
        </content>
    </packageinformation>
    <executable timeout="300">	
        <executablename>Setup.exe</executablename>
    </executable>
    <behaviors>
	<behavior name="freshinstall">
            <vendoroption>
                 <optionvalue switch="" valuedelimiter="" requiresvalue="false" />
             </vendoroption>
        </behavior>
        <behavior name="attended">
            <vendoroption>
                 <optionvalue switch="" valuedelimiter="" requiresvalue="false" />
             </vendoroption>
        </behavior>
        <behavior name="unattended">
            <vendoroption>
                <optionvalue requiresvalue="false" switch="/">s</optionvalue>
            </vendoroption>
        </behavior>
        <behavior name="extractdrivers">
            <vendoroption>
                <optionvalue requiresvalue="false" switch="/">s</optionvalue>
            </vendoroption>
            <vendoroption>
                <container>
                    <containervalue switch="/" requiresvalue="false">v</containervalue>
                    <optionvalue switch="/" requiresvalue="false">qn</optionvalue>
                </container>
            </vendoroption>
            <vendoroption>
                <container>
                    <containervalue switch="/" requiresvalue="false" valuedelimiter=" " enclose="&quot;">v</containervalue>
                    <optionvalue switch=" " requiresvalue="true" valuedelimiter="=" enclose="&quot;">EXTRACTDRIVERS</optionvalue>
                </container>
            </vendoroption>
        </behavior>
        <behavior name="driveronly">
            <vendoroption>
                <optionvalue switch="/" requiresvalue="false">s</optionvalue>
            </vendoroption>
        </behavior>
        <behavior name="help">
            <vendoroption>
                <optionvalue switch="/" requiresvalue="false">?</optionvalue>
            </vendoroption>
        </behavior>
    </behaviors>
    <parameters>
        <parametermapping name="logfile">
            <vendoroption>
                <container>
                    <containervalue switch="/" requiresvalue="false" valuedelimiter="" enclose="&quot;">v</containervalue>
                    <optionvalue switch=" " requiresvalue="true" valuedelimiter="=" enclose="&quot;">LOGFILE</optionvalue>
                </container>
            </vendoroption>
        </parametermapping>
        <parametermapping name="force">
            <vendoroption>
                <container>
                    <containervalue switch="/" requiresvalue="false" enclose="&quot;">v</containervalue>
                    <optionvalue switch=" " requiresvalue="false">FORCE=true</optionvalue>
                </container>
            </vendoroption>
        </parametermapping>
    </parameters>
    <returncodes>
        <returncodemapping name="SUCCESS">
            <vendorreturncode>0</vendorreturncode>
        </returncodemapping>
        <returncodemapping name="DEP_SOFT_ERROR">
            <vendorreturncode>3</vendorreturncode>
        </returncodemapping>
        <returncodemapping name="ERROR">
            <vendorreturncode>1603</vendorreturncode>
        </returncodemapping>
        <returncodemapping name="UNKNOWN_OPTION">
            <vendorreturncode>1608</vendorreturncode>
        </returncodemapping>
        <returncodemapping name="ERROR_INSTALL_PLATFORM_UNSUPPORTED">
            <vendorreturncode>1633</vendorreturncode>
        </returncodemapping>
        <returncodemapping name="REBOOTING_SYSTEM">
            <vendorreturncode>1641</vendorreturncode>
        </returncodemapping>
        <returncodemapping name="ERROR">
            <vendorreturncode>1688</vendorreturncode>
        </returncodemapping>
        <returncodemapping name="REBOOT_REQUIRED">
            <vendorreturncode>3010</vendorreturncode>
        </returncodemapping>
    </returncodes>
    <inventorymetadata>
        <extractdriversidentifier>
            <pnpids>
                <pnpdevice display="Realtek PC Camera Driver" componentID="103850">
                    <pnpidstring><ACPIID>0BDA</ACPIID><PnPProductID>5690</PnPProductID></pnpidstring>
                </pnpdevice>
                <pnpdevice display="Realtek PC Camera Driver" componentID="103850">
                    <pnpidstring><ACPIID>0BDA</ACPIID><PnPProductID>5691</PnPProductID></pnpidstring>
                </pnpdevice>
                <pnpdevice display="Realtek PC Camera Driver" componentID="103850">
                    <pnpidstring><ACPIID>0BDA</ACPIID><PnPProductID>5698</PnPProductID></pnpidstring>
                </pnpdevice>
                <pnpdevice display="Realtek PC Camera Driver" componentID="103850">
                    <pnpidstring><ACPIID>0BDA</ACPIID><PnPProductID>5699</PnPProductID></pnpidstring>
                </pnpdevice>
                <pnpdevice display="Realtek PC Camera Driver" componentID="103850">
                    <pnpidstring><ACPIID>0BDA</ACPIID><PnPProductID>569A</PnPProductID></pnpidstring>
                </pnpdevice>
                <pnpdevice display="Realtek PC Camera Driver" componentID="103850">
                    <pnpidstring><ACPIID>0BDA</ACPIID><PnPProductID>569B</PnPProductID></pnpidstring>
                </pnpdevice>
                <pnpdevice display="Realtek PC Camera Driver" componentID="103850">
                    <pnpidstring><ACPIID>0BDA</ACPIID><PnPProductID>569C</PnPProductID></pnpidstring>
                </pnpdevice>
                <pnpdevice display="Realtek PC Camera Driver" componentID="103850">
                    <pnpidstring><ACPIID>0BDA</ACPIID><PnPProductID>569D</PnPProductID></pnpidstring>
                </pnpdevice>
                <pnpdevice display="Realtek PC Camera Driver" componentID="103850">
                    <pnpidstring><ACPIID>0BDA</ACPIID><PnPProductID>569E</PnPProductID></pnpidstring>
                </pnpdevice>
                <pnpdevice display="Realtek PC Camera Driver" componentID="103850">
                    <pnpidstring><ACPIID>0BDA</ACPIID><PnPProductID>569F</PnPProductID></pnpidstring>
                </pnpdevice>
                <pnpdevice display="Realtek PC Camera Driver" componentID="103850">
                    <pnpidstring><ACPIID>0BDA</ACPIID><PnPProductID>575E</PnPProductID></pnpidstring>
                </pnpdevice>
                <pnpdevice display="Realtek PC Camera Driver" componentID="103850">
                    <pnpidstring><ACPIID>0BDA</ACPIID><PnPProductID>5767</PnPProductID></pnpidstring>
                </pnpdevice>
                <pnpdevice display="Realtek PC Camera Driver" componentID="103850">
                    <pnpidstring><ACPIID>0BDA</ACPIID><PnPProductID>576C</PnPProductID></pnpidstring>
                </pnpdevice>
                <pnpdevice display="Realtek PC Camera Driver" componentID="103850">
                    <pnpidstring><ACPIID>0BDA</ACPIID><PnPProductID>576E</PnPProductID></pnpidstring>
                </pnpdevice>
                <pnpdevice display="Realtek PC Camera Driver" componentID="103850">
                    <pnpidstring><ACPIID>0BDA</ACPIID><PnPProductID>58C2</PnPProductID></pnpidstring>
                </pnpdevice>
                <pnpdevice display="Realtek PC Camera Driver" componentID="103850">
                    <pnpidstring><ACPIID>0BDA</ACPIID><PnPProductID>58C3</PnPProductID></pnpidstring>
                </pnpdevice>
                <pnpdevice display="Realtek PC Camera Driver" componentID="103850">
                    <pnpidstring><ACPIID>0BDA</ACPIID><PnPProductID>58C4</PnPProductID></pnpidstring>
                </pnpdevice>
                <pnpdevice display="Realtek PC Camera Driver" componentID="103850">
                    <pnpidstring><ACPIID>0BDA</ACPIID><PnPProductID>58C5</PnPProductID></pnpidstring>
                </pnpdevice>
                <pnpdevice display="Realtek PC Camera Driver" componentID="103850">
                    <pnpidstring><ACPIID>0BDA</ACPIID><PnPProductID>58C6</PnPProductID></pnpidstring>
                </pnpdevice>
                <pnpdevice display="Realtek PC Camera Driver" componentID="103850">
                    <pnpidstring><ACPIID>0BDA</ACPIID><PnPProductID>58C8</PnPProductID></pnpidstring>
                </pnpdevice>
                <pnpdevice display="Realtek PC Camera Driver" componentID="103850">
                    <pnpidstring><ACPIID>0BDA</ACPIID><PnPProductID>58C9</PnPProductID></pnpidstring>
                </pnpdevice>
                <pnpdevice display="Realtek PC Camera Driver" componentID="103850">
                    <pnpidstring><ACPIID>0BDA</ACPIID><PnPProductID>58CA</PnPProductID></pnpidstring>
                </pnpdevice>
                <pnpdevice display="Realtek PC Camera Driver" componentID="103850">
                    <pnpidstring><ACPIID>0BDA</ACPIID><PnPProductID>58CB</PnPProductID></pnpidstring>
                </pnpdevice>
                <pnpdevice display="Realtek PC Camera Driver" componentID="103850">
                    <pnpidstring><ACPIID>0BDA</ACPIID><PnPProductID>58CC</PnPProductID></pnpidstring>
                </pnpdevice>
                <pnpdevice display="Realtek PC Camera Driver" componentID="103850">
                    <pnpidstring><ACPIID>0BDA</ACPIID><PnPProductID>58CD</PnPProductID></pnpidstring>
                </pnpdevice>
                <pnpdevice display="Realtek PC Camera Driver" componentID="103850">
                    <pnpidstring><ACPIID>0BDA</ACPIID><PnPProductID>58CE</PnPProductID></pnpidstring>
                </pnpdevice>
                <pnpdevice display="Realtek PC Camera Driver" componentID="103850">
                    <pnpidstring><ACPIID>0BDA</ACPIID><PnPProductID>58CF</PnPProductID></pnpidstring>
                </pnpdevice>
                <pnpdevice display="Realtek PC Camera Driver" componentID="103850">
                    <pnpidstring><ACPIID>0BDA</ACPIID><PnPProductID>58F0</PnPProductID></pnpidstring>
                </pnpdevice>
                <pnpdevice display="Realtek PC Camera Driver" componentID="103850">
                    <pnpidstring><ACPIID>0BDA</ACPIID><PnPProductID>58F1</PnPProductID></pnpidstring>
                </pnpdevice>
                <pnpdevice display="Realtek PC Camera Driver" componentID="103850">
                    <pnpidstring><ACPIID>0BDA</ACPIID><PnPProductID>58F2</PnPProductID></pnpidstring>
                </pnpdevice>
                <pnpdevice display="Realtek PC Camera Driver" componentID="103850">
                    <pnpidstring><ACPIID>0BDA</ACPIID><PnPProductID>58C7</PnPProductID></pnpidstring>
                </pnpdevice>
                <pnpdevice display="Realtek PC Camera Driver" componentID="103850">
                    <pnpidstring><ACPIID>0BDA</ACPIID><PnPProductID>58C8</PnPProductID></pnpidstring>
                </pnpdevice>
                <pnpdevice display="Realtek PC Camera Driver" componentID="103850">
                    <pnpidstring><ACPIID>0BDA</ACPIID><PnPProductID>58F3</PnPProductID></pnpidstring>
                </pnpdevice>
                <pnpdevice display="Realtek PC Camera Driver" componentID="103850">
                    <pnpidstring><ACPIID>0BDA</ACPIID><PnPProductID>58F4</PnPProductID></pnpidstring>
                </pnpdevice>
                <pnpdevice display="Realtek PC Camera Driver" componentID="103850">
                    <pnpidstring><ACPIID>0BDA</ACPIID><PnPProductID>58F5</PnPProductID></pnpidstring>
                </pnpdevice>
                <pnpdevice display="Realtek PC Camera Driver" componentID="103850">
                    <pnpidstring><ACPIID>0BDA</ACPIID><PnPProductID>58F6</PnPProductID></pnpidstring>
                </pnpdevice>
                <pnpdevice display="Realtek PC Camera Driver" componentID="103850">
                    <pnpidstring><ACPIID>0BDA</ACPIID><PnPProductID>58F7</PnPProductID></pnpidstring>
                </pnpdevice>
                <pnpdevice display="Realtek PC Camera Driver" componentID="103850">
                    <pnpidstring><ACPIID>0BDA</ACPIID><PnPProductID>58F8</PnPProductID></pnpidstring>
                </pnpdevice>
                <pnpdevice display="Realtek PC Camera Driver" componentID="103850">
                    <pnpidstring><ACPIID>0BDA</ACPIID><PnPProductID>58F9</PnPProductID></pnpidstring>
                </pnpdevice>
                <pnpdevice display="Realtek PC Camera Driver" componentID="103850">
                    <pnpidstring><ACPIID>0BDA</ACPIID><PnPProductID>58FA</PnPProductID></pnpidstring>
                </pnpdevice>
                <pnpdevice display="Realtek PC Camera Driver" componentID="103850">
                    <pnpidstring><ACPIID>0BDA</ACPIID><PnPProductID>58FB</PnPProductID></pnpidstring>
                </pnpdevice>
                <pnpdevice display="Realtek PC Camera Driver" componentID="103850">
                    <pnpidstring><ACPIID>0BDA</ACPIID><PnPProductID>58FC</PnPProductID></pnpidstring>
                </pnpdevice>
                <pnpdevice display="Realtek PC Camera Driver" componentID="103850">
                    <pnpidstring><ACPIID>0BDA</ACPIID><PnPProductID>5690</PnPProductID></pnpidstring>
                </pnpdevice>
                <pnpdevice display="Realtek PC Camera Driver" componentID="103850">
                    <pnpidstring><ACPIID>0BDA</ACPIID><PnPProductID>5691</PnPProductID></pnpidstring>
                </pnpdevice>
                <pnpdevice display="Realtek PC Camera Driver" componentID="103850">
                    <pnpidstring><ACPIID>0BDA</ACPIID><PnPProductID>5692</PnPProductID></pnpidstring>
                </pnpdevice>
                <pnpdevice display="Realtek PC Camera Driver" componentID="103850">
                    <pnpidstring><ACPIID>0BDA</ACPIID><PnPProductID>5693</PnPProductID></pnpidstring>
                </pnpdevice>
                <pnpdevice display="Realtek PC Camera Driver" componentID="103850">
                    <pnpidstring><ACPIID>0BDA</ACPIID><PnPProductID>5694</PnPProductID></pnpidstring>
                </pnpdevice>
                <pnpdevice display="Realtek PC Camera Driver" componentID="103850">
                    <pnpidstring><ACPIID>0BDA</ACPIID><PnPProductID>5695</PnPProductID></pnpidstring>
                </pnpdevice>
                <pnpdevice display="Realtek PC Camera Driver" componentID="103850">
                    <pnpidstring><ACPIID>0BDA</ACPIID><PnPProductID>5696</PnPProductID></pnpidstring>
                </pnpdevice>
                <pnpdevice display="Realtek PC Camera Driver" componentID="103850">
                    <pnpidstring><ACPIID>0BDA</ACPIID><PnPProductID>5697</PnPProductID></pnpidstring>
                </pnpdevice>
                <pnpdevice display="Realtek PC Camera Driver" componentID="103850">
                    <pnpidstring><ACPIID>0BDA</ACPIID><PnPProductID>5652</PnPProductID></pnpidstring>
                </pnpdevice>
            </pnpids>
        </extractdriversidentifier>
        <fullpackageidentifier>
            <pnpids>
                <pnpdevice display="Realtek PC Camera Driver" componentID="103850">
                    <pnpidstring><ACPIID>0BDA</ACPIID><PnPProductID>5690</PnPProductID></pnpidstring>
                </pnpdevice>
                <pnpdevice display="Realtek PC Camera Driver" componentID="103850">
                    <pnpidstring><ACPIID>0BDA</ACPIID><PnPProductID>5691</PnPProductID></pnpidstring>
                </pnpdevice>
                <pnpdevice display="Realtek PC Camera Driver" componentID="103850">
                    <pnpidstring><ACPIID>0BDA</ACPIID><PnPProductID>5698</PnPProductID></pnpidstring>
                </pnpdevice>
                <pnpdevice display="Realtek PC Camera Driver" componentID="103850">
                    <pnpidstring><ACPIID>0BDA</ACPIID><PnPProductID>5699</PnPProductID></pnpidstring>
                </pnpdevice>
                <pnpdevice display="Realtek PC Camera Driver" componentID="103850">
                    <pnpidstring><ACPIID>0BDA</ACPIID><PnPProductID>569A</PnPProductID></pnpidstring>
                </pnpdevice>
                <pnpdevice display="Realtek PC Camera Driver" componentID="103850">
                    <pnpidstring><ACPIID>0BDA</ACPIID><PnPProductID>569B</PnPProductID></pnpidstring>
                </pnpdevice>
                <pnpdevice display="Realtek PC Camera Driver" componentID="103850">
                    <pnpidstring><ACPIID>0BDA</ACPIID><PnPProductID>569C</PnPProductID></pnpidstring>
                </pnpdevice>
                <pnpdevice display="Realtek PC Camera Driver" componentID="103850">
                    <pnpidstring><ACPIID>0BDA</ACPIID><PnPProductID>569D</PnPProductID></pnpidstring>
                </pnpdevice>
                <pnpdevice display="Realtek PC Camera Driver" componentID="103850">
                    <pnpidstring><ACPIID>0BDA</ACPIID><PnPProductID>569E</PnPProductID></pnpidstring>
                </pnpdevice>
                <pnpdevice display="Realtek PC Camera Driver" componentID="103850">
                    <pnpidstring><ACPIID>0BDA</ACPIID><PnPProductID>569F</PnPProductID></pnpidstring>
                </pnpdevice>
                <pnpdevice display="Realtek PC Camera Driver" componentID="103850">
                    <pnpidstring><ACPIID>0BDA</ACPIID><PnPProductID>575E</PnPProductID></pnpidstring>
                </pnpdevice>
                <pnpdevice display="Realtek PC Camera Driver" componentID="103850">
                    <pnpidstring><ACPIID>0BDA</ACPIID><PnPProductID>5767</PnPProductID></pnpidstring>
                </pnpdevice>
                <pnpdevice display="Realtek PC Camera Driver" componentID="103850">
                    <pnpidstring><ACPIID>0BDA</ACPIID><PnPProductID>576C</PnPProductID></pnpidstring>
                </pnpdevice>
                <pnpdevice display="Realtek PC Camera Driver" componentID="103850">
                    <pnpidstring><ACPIID>0BDA</ACPIID><PnPProductID>576E</PnPProductID></pnpidstring>
                </pnpdevice>
                <pnpdevice display="Realtek PC Camera Driver" componentID="103850">
                    <pnpidstring><ACPIID>0BDA</ACPIID><PnPProductID>58C2</PnPProductID></pnpidstring>
                </pnpdevice>
                <pnpdevice display="Realtek PC Camera Driver" componentID="103850">
                    <pnpidstring><ACPIID>0BDA</ACPIID><PnPProductID>58C3</PnPProductID></pnpidstring>
                </pnpdevice>
                <pnpdevice display="Realtek PC Camera Driver" componentID="103850">
                    <pnpidstring><ACPIID>0BDA</ACPIID><PnPProductID>58C4</PnPProductID></pnpidstring>
                </pnpdevice>
                <pnpdevice display="Realtek PC Camera Driver" componentID="103850">
                    <pnpidstring><ACPIID>0BDA</ACPIID><PnPProductID>58C5</PnPProductID></pnpidstring>
                </pnpdevice>
                <pnpdevice display="Realtek PC Camera Driver" componentID="103850">
                    <pnpidstring><ACPIID>0BDA</ACPIID><PnPProductID>58C6</PnPProductID></pnpidstring>
                </pnpdevice>
                <pnpdevice display="Realtek PC Camera Driver" componentID="103850">
                    <pnpidstring><ACPIID>0BDA</ACPIID><PnPProductID>58C8</PnPProductID></pnpidstring>
                </pnpdevice>
                <pnpdevice display="Realtek PC Camera Driver" componentID="103850">
                    <pnpidstring><ACPIID>0BDA</ACPIID><PnPProductID>58C9</PnPProductID></pnpidstring>
                </pnpdevice>
                <pnpdevice display="Realtek PC Camera Driver" componentID="103850">
                    <pnpidstring><ACPIID>0BDA</ACPIID><PnPProductID>58CA</PnPProductID></pnpidstring>
                </pnpdevice>
                <pnpdevice display="Realtek PC Camera Driver" componentID="103850">
                    <pnpidstring><ACPIID>0BDA</ACPIID><PnPProductID>58CB</PnPProductID></pnpidstring>
                </pnpdevice>
                <pnpdevice display="Realtek PC Camera Driver" componentID="103850">
                    <pnpidstring><ACPIID>0BDA</ACPIID><PnPProductID>58CC</PnPProductID></pnpidstring>
                </pnpdevice>
                <pnpdevice display="Realtek PC Camera Driver" componentID="103850">
                    <pnpidstring><ACPIID>0BDA</ACPIID><PnPProductID>58CD</PnPProductID></pnpidstring>
                </pnpdevice>
                <pnpdevice display="Realtek PC Camera Driver" componentID="103850">
                    <pnpidstring><ACPIID>0BDA</ACPIID><PnPProductID>58CE</PnPProductID></pnpidstring>
                </pnpdevice>
                <pnpdevice display="Realtek PC Camera Driver" componentID="103850">
                    <pnpidstring><ACPIID>0BDA</ACPIID><PnPProductID>58CF</PnPProductID></pnpidstring>
                </pnpdevice>
                <pnpdevice display="Realtek PC Camera Driver" componentID="103850">
                    <pnpidstring><ACPIID>0BDA</ACPIID><PnPProductID>58F0</PnPProductID></pnpidstring>
                </pnpdevice>
                <pnpdevice display="Realtek PC Camera Driver" componentID="103850">
                    <pnpidstring><ACPIID>0BDA</ACPIID><PnPProductID>58F1</PnPProductID></pnpidstring>
                </pnpdevice>
                <pnpdevice display="Realtek PC Camera Driver" componentID="103850">
                    <pnpidstring><ACPIID>0BDA</ACPIID><PnPProductID>58F2</PnPProductID></pnpidstring>
                </pnpdevice>
                <pnpdevice display="Realtek PC Camera Driver" componentID="103850">
                    <pnpidstring><ACPIID>0BDA</ACPIID><PnPProductID>58C7</PnPProductID></pnpidstring>
                </pnpdevice>
                <pnpdevice display="Realtek PC Camera Driver" componentID="103850">
                    <pnpidstring><ACPIID>0BDA</ACPIID><PnPProductID>58C8</PnPProductID></pnpidstring>
                </pnpdevice>
                <pnpdevice display="Realtek PC Camera Driver" componentID="103850">
                    <pnpidstring><ACPIID>0BDA</ACPIID><PnPProductID>58F3</PnPProductID></pnpidstring>
                </pnpdevice>
                <pnpdevice display="Realtek PC Camera Driver" componentID="103850">
                    <pnpidstring><ACPIID>0BDA</ACPIID><PnPProductID>58F4</PnPProductID></pnpidstring>
                </pnpdevice>
                <pnpdevice display="Realtek PC Camera Driver" componentID="103850">
                    <pnpidstring><ACPIID>0BDA</ACPIID><PnPProductID>58F5</PnPProductID></pnpidstring>
                </pnpdevice>
                <pnpdevice display="Realtek PC Camera Driver" componentID="103850">
                    <pnpidstring><ACPIID>0BDA</ACPIID><PnPProductID>58F6</PnPProductID></pnpidstring>
                </pnpdevice>
                <pnpdevice display="Realtek PC Camera Driver" componentID="103850">
                    <pnpidstring><ACPIID>0BDA</ACPIID><PnPProductID>58F7</PnPProductID></pnpidstring>
                </pnpdevice>
                <pnpdevice display="Realtek PC Camera Driver" componentID="103850">
                    <pnpidstring><ACPIID>0BDA</ACPIID><PnPProductID>58F8</PnPProductID></pnpidstring>
                </pnpdevice>
                <pnpdevice display="Realtek PC Camera Driver" componentID="103850">
                    <pnpidstring><ACPIID>0BDA</ACPIID><PnPProductID>58F9</PnPProductID></pnpidstring>
                </pnpdevice>
                <pnpdevice display="Realtek PC Camera Driver" componentID="103850">
                    <pnpidstring><ACPIID>0BDA</ACPIID><PnPProductID>58FA</PnPProductID></pnpidstring>
                </pnpdevice>
                <pnpdevice display="Realtek PC Camera Driver" componentID="103850">
                    <pnpidstring><ACPIID>0BDA</ACPIID><PnPProductID>58FB</PnPProductID></pnpidstring>
                </pnpdevice>
                <pnpdevice display="Realtek PC Camera Driver" componentID="103850">
                    <pnpidstring><ACPIID>0BDA</ACPIID><PnPProductID>58FC</PnPProductID></pnpidstring>
                </pnpdevice>
                <pnpdevice display="Realtek PC Camera Driver" componentID="103850">
                    <pnpidstring><ACPIID>0BDA</ACPIID><PnPProductID>5690</PnPProductID></pnpidstring>
                </pnpdevice>
                <pnpdevice display="Realtek PC Camera Driver" componentID="103850">
                    <pnpidstring><ACPIID>0BDA</ACPIID><PnPProductID>5691</PnPProductID></pnpidstring>
                </pnpdevice>
                <pnpdevice display="Realtek PC Camera Driver" componentID="103850">
                    <pnpidstring><ACPIID>0BDA</ACPIID><PnPProductID>5692</PnPProductID></pnpidstring>
                </pnpdevice>
                <pnpdevice display="Realtek PC Camera Driver" componentID="103850">
                    <pnpidstring><ACPIID>0BDA</ACPIID><PnPProductID>5693</PnPProductID></pnpidstring>
                </pnpdevice>
                <pnpdevice display="Realtek PC Camera Driver" componentID="103850">
                    <pnpidstring><ACPIID>0BDA</ACPIID><PnPProductID>5694</PnPProductID></pnpidstring>
                </pnpdevice>
                <pnpdevice display="Realtek PC Camera Driver" componentID="103850">
                    <pnpidstring><ACPIID>0BDA</ACPIID><PnPProductID>5695</PnPProductID></pnpidstring>
                </pnpdevice>
                <pnpdevice display="Realtek PC Camera Driver" componentID="103850">
                    <pnpidstring><ACPIID>0BDA</ACPIID><PnPProductID>5696</PnPProductID></pnpidstring>
                </pnpdevice>
                <pnpdevice display="Realtek PC Camera Driver" componentID="103850">
                    <pnpidstring><ACPIID>0BDA</ACPIID><PnPProductID>5697</PnPProductID></pnpidstring>
                </pnpdevice>
                <pnpdevice display="Realtek PC Camera Driver" componentID="103850">
                    <pnpidstring><ACPIID>0BDA</ACPIID><PnPProductID>5652</PnPProductID></pnpidstring>
                </pnpdevice>
            </pnpids>
        </fullpackageidentifier>
    </inventorymetadata>
</MUPDefinition>
